{"train_loss": [2.4508889050379032, 1.08460974220774], "train_accuracy": [0.8757592710997443, 0.9373001918158568], "val_loss": [1.4603305612750344, 1.133142360741818], "val_accuracy": [0.9195, 0.9355], "best_val_accuracy": 0.9355, "best_epoch": 2}