{"train_loss": [2.463782920712066, 1.1123106498037627], "train_accuracy": [0.8757193094629157, 0.935641783887468], "val_loss": [1.5531368341248142, 1.1719045335642395], "val_accuracy": [0.916, 0.932], "best_val_accuracy": 0.932, "best_epoch": 2}