{"train_loss": [2.3918901585995975, 1.047424837975091], "train_accuracy": [0.8788562979539642, 0.9385789641943734], "val_loss": [1.3957647621280498, 1.1061929175405811], "val_accuracy": [0.9213, 0.9354], "best_val_accuracy": 0.9354, "best_epoch": 2}