{"train_loss": [2.426874432395621, 1.0733927638971046, 0.7329446914092506, 0.5048383320276795, 0.3442839886577084, 0.24982364221852874, 0.17391909097346728, 0.11945495082523298, 0.08444293628213848, 0.05404242564161048, 0.03593948740606876, 0.019944724398417088, 0.012511490567437314, 0.006732600080275432, 0.003557437429452057, 0.0019527190254561794, 0.0005723459349170491, 0.00018581761738037576, 0.0001562382056394605, 0.00015711571425898517, 0.00016573497442816756, 0.00017294290464643712, 0.00018905930130492856, 0.0002015278926708864], "train_accuracy": [0.8776374680306905, 0.9377597506393862, 0.9527853260869565, 0.9630155051150895, 0.9718270460358056, 0.9765425191815856, 0.9817175511508951, 0.9850343670076727, 0.9882113171355499, 0.9917079603580563, 0.9941256393861893, 0.9956042199488491, 0.9970028772378516, 0.9983415920716112, 0.9992007672634271, 0.9995804028132992, 0.9999200767263428, 1.0, 1.0, 1.0, 1.0, 1.0, 1.0, 1.0], "val_loss": [1.5009698954172175, 1.1936622847410499, 1.0641289448656286, 0.8848282105628801, 0.8487485588646497, 0.8011802787176693, 0.7846019141436149, 0.7398674093860035, 0.7655734732703344, 0.712101750201327, 0.7091146871324417, 0.7010116465367343, 0.6723455781852152, 0.6716667420598254, 0.6438205816899399, 0.6295624563919766, 0.6232917798403375, 0.6119802805642149, 0.6029017475786943, 0.5933067606188531, 0.5842014344062761, 0.575104559950763, 0.5656061405301352, 0.5553379203250498], "val_accuracy": [0.9171, 0.9314, 0.9366, 0.9459, 0.9462, 0.9477, 0.9491, 0.9488, 0.9488, 0.9506, 0.9495, 0.9488, 0.9484, 0.9508, 0.9499, 0.9506, 0.95, 0.9504, 0.9504, 0.9504, 0.9503, 0.9505, 0.9502, 0.9501], "best_val_accuracy": 0.9508, "best_epoch": 14}