{"train_loss": [2.400380256102095, 1.0832931337441545, 0.7281809255934887, 0.5249681170304707, 0.37554550176418755, 0.24807823062995268, 0.17305374600589996, 0.12068788553126344, 0.0889810410000477, 0.062438003958985674, 0.03658634157169789, 0.023604159111613298, 0.013508707409696098, 0.007933358271433958, 0.005058376305332053, 0.0025917234320755305, 0.0013638656392687177, 0.0008983232025168179, 0.0006252192658131559, 0.0005158155921393777, 0.0003765938570727066, 0.000280117540280506, 0.00023907772599558616, 0.0002287189253220863, 0.00023428338894673873, 0.00024195719939401974, 0.0002514427351024878], "train_accuracy": [0.8789362212276215, 0.9369205562659847, 0.9535246163682864, 0.9629555626598465, 0.9696890984654731, 0.9775815217391305, 0.9819773017902813, 0.9857936381074168, 0.9880914322250639, 0.9904891304347826, 0.993865888746803, 0.9956641624040921, 0.9971627237851662, 0.9984414961636828, 0.9988610933503836, 0.9993606138107417, 0.9997602301790282, 0.9999000959079284, 0.9999200767263428, 0.9999600383631714, 0.9999800191815856, 0.9999800191815856, 1.0, 1.0, 1.0, 1.0, 1.0], "val_loss": [1.4033556297018712, 1.1668516160041749, 0.9924360296104516, 0.9094866985168485, 0.7913217050085734, 0.7589534352134769, 0.7324925140872237, 0.7054220707810153, 0.6943362681723472, 0.7136182927804865, 0.6775623398885695, 0.6797805883184382, 0.6608253734617887, 0.6436543879040643, 0.6379428012523812, 0.6373824247987978, 0.6182511279027061, 0.6132627864320067, 0.6054410398242703, 0.5985024286577894, 0.5926235441886305, 0.585532807578423, 0.5786867417952077, 0.5720122873311776, 0.5656481045289952, 0.5589908062179733, 0.553224663925728], "val_accuracy": [0.9241, 0.9323, 0.9415, 0.9441, 0.9504, 0.9503, 0.9523, 0.953, 0.9515, 0.9513, 0.9537, 0.953, 0.9539, 0.9537, 0.9543, 0.9526, 0.9554, 0.955, 0.9545, 0.9542, 0.9541, 0.9542, 0.9543, 0.9543, 0.9542, 0.9544, 0.9549], "best_val_accuracy": 0.9554, "best_epoch": 17}