{"train_loss": [2.4491870676257474, 1.109148995584783, 0.7359495887276799, 0.5128769993503698, 0.39223163294834423, 0.27342328349889217, 0.19543696337040142, 0.15304244431715733, 0.10044204009862284, 0.0667419233177101, 0.04468627162025685, 0.02729631137768266, 0.01909243313618457, 0.012819928287577451, 0.007970667908702461, 0.004088368351993197, 0.0023251747516240115, 0.0013283967431230391, 0.0003987607749016076, 0.00017877083571720152, 0.00014525198008698113, 0.00014915908910828341, 0.00015968762237487016, 0.0001715219503567537, 0.00018681634333101788, 0.0002036422003034073, 0.00022546379262333567, 0.000247088510650285, 0.0002716094764184387, 0.00029841930110486664], "train_accuracy": [0.8775575447570333, 0.9368006713554987, 0.9533647698209718, 0.96403452685422, 0.9696691176470589, 0.9754435741687979, 0.9802389705882353, 0.9837356138107417, 0.9872722186700768, 0.9902493606138107, 0.9928868286445013, 0.994605179028133, 0.9957440856777494, 0.9967631074168798, 0.9980818414322251, 0.9989809782608695, 0.9993606138107417, 0.9997002877237852, 0.999940057544757, 1.0, 1.0, 1.0, 1.0, 1.0, 1.0, 1.0, 1.0, 1.0, 1.0, 1.0], "val_loss": [1.6766716783253879, 1.122259529982373, 0.9345525003984998, 0.8917215361670866, 0.8653926108656095, 0.8201955714367226, 0.7443731306603872, 0.7464341108797177, 0.6934474991202969, 0.691478122923589, 0.6493610953733072, 0.6345737569095858, 0.6262884745086974, 0.6020380868456973, 0.5990269708114999, 0.5809744430033041, 0.5733577554707453, 0.5671220757214652, 0.5508788334047474, 0.5400558340115732, 0.5305925000355389, 0.5209120822420605, 0.5117985529299017, 0.5026381861193078, 0.493720749628673, 0.4844296185024062, 0.47509625448433973, 0.46669575808508446, 0.45558104432367097, 0.4475786737254203], "val_accuracy": [0.9093, 0.934, 0.9423, 0.9452, 0.9456, 0.9473, 0.9512, 0.9498, 0.9517, 0.9531, 0.9549, 0.9539, 0.9544, 0.9557, 0.9561, 0.9565, 0.9568, 0.9564, 0.9566, 0.9572, 0.9574, 0.9574, 0.9572, 0.9575, 0.9576, 0.9574, 0.9577, 0.9574, 0.958, 0.9578], "best_val_accuracy": 0.958, "best_epoch": 29}