{"train_loss": [5.198254729328405, 2.6281177006506606], "train_accuracy": [0.7460837595907929, 0.8633711636828645], "val_loss": [3.4564363569532333, 2.509464756961174], "val_accuracy": [0.8255, 0.8707], "best_val_accuracy": 0.8707, "best_epoch": 2}