{"train_loss": [4.9899336861232255, 2.5478328224878704], "train_accuracy": [0.7556545716112532, 0.8680866368286445], "val_loss": [3.06541471253418, 2.5948767252829237], "val_accuracy": [0.8447, 0.865], "best_val_accuracy": 0.865, "best_epoch": 2}