{"train_loss": [5.188367713934102, 2.601211092322415, 2.123662815427369, 1.8463099279116417, 1.642345477589864, 1.4837693303809043, 1.3644533761772026, 1.2482341798334322, 1.1630418815313743, 1.0708909230502226, 1.0084624249543572, 0.9363873895022565, 0.8717573808301313, 0.8128367992888452, 0.7711956401436254, 0.7137470580404431, 0.673115753942733, 0.6332135892941541, 0.5949389707859029, 0.5675269327807038, 0.5341573622281389, 0.49797306516686296, 0.48004690345146817, 0.4489662726031383, 0.434498614464991, 0.41174195434879535, 0.3824383256043897, 0.3683235296506225, 0.3472248006329301, 0.33239898174485466], "train_accuracy": [0.7461237212276215, 0.8650895140664961, 0.8873481457800512, 0.9002157928388747, 0.9083879475703325, 0.9161804667519181, 0.9208160166240409, 0.9266703964194374, 0.9304068094629157, 0.9347426470588235, 0.9376398657289002, 0.9407169117647058, 0.9436740728900256, 0.9463115409207161, 0.9481897378516624, 0.9511269181585678, 0.9524856138107417, 0.9546835038363172, 0.9560621803069054, 0.9589194373401535, 0.9600783248081841, 0.9618765984654731, 0.9625359654731458, 0.9646139705882353, 0.9655530690537084, 0.9667918797953964, 0.9681106138107417, 0.9681705562659847, 0.9708280051150895, 0.9706681585677749], "val_loss": [3.065773108174106, 2.430739094534264, 2.3022088795636653, 1.9229623528242519, 1.8381324794244813, 1.7052796172895723, 1.5989658389901389, 1.5763018304534708, 1.4729443834259852, 1.4309544337760527, 1.3995345697834072, 1.3458735512695645, 1.338246353420536, 1.2911782839878, 1.2813185015290922, 1.2627288183203151, 1.2047158701363574, 1.2148510500573426, 1.1810713375680681, 1.1643094598015524, 1.1278865318056115, 1.1428811644292116, 1.1181611418157191, 1.1162561115683123, 1.1258729061706632, 1.0949870692450177, 1.1141019448024914, 1.0730177922942503, 1.092591412864977, 1.0675602738242485], "val_accuracy": [0.8465, 0.8762, 0.8797, 0.8988, 0.9024, 0.9086, 0.9132, 0.9142, 0.9191, 0.9212, 0.9231, 0.9234, 0.9238, 0.9256, 0.9255, 0.927, 0.9314, 0.9286, 0.9318, 0.9324, 0.9336, 0.9319, 0.9338, 0.9337, 0.9328, 0.9345, 0.9332, 0.9364, 0.9346, 0.9352], "best_val_accuracy": 0.9364, "best_epoch": 28}