{"train_loss": [5.011966055704157, 2.4877462485358643], "train_accuracy": [0.753156969309463, 0.8711836636828645], "val_loss": [3.0119248842610307, 2.3684805737653565], "val_accuracy": [0.8464, 0.8742], "best_val_accuracy": 0.8742, "best_epoch": 2}