{"train_loss": [5.198254729328405, 2.6281177006506606, 2.1232053257670094, 1.8280290559295214, 1.6234079120250502, 1.4716899489511304, 1.3538217695608719, 1.2560353848347006, 1.1545937063876357, 1.0850205813261253, 1.0027456068133658, 0.9462949460752134, 0.8986135034091001, 0.8596086988545251, 0.8218020603180869, 0.7606033764639836, 0.7309984075909166, 0.6974243646099131, 0.6670562561854969, 0.6346849939269947, 0.6035586854604764, 0.5788366797842052, 0.5598432014652266, 0.5375128984969839, 0.5127674982907371, 0.490073276268409, 0.4701584496444837, 0.45544503246488344, 0.4431140925865999, 0.4260610450047103], "train_accuracy": [0.7460837595907929, 0.8633711636828645, 0.885969469309463, 0.900175831202046, 0.9099864130434783, 0.9158208120204604, 0.9211956521739131, 0.9257912404092071, 0.9304867327365729, 0.933843510230179, 0.9371603260869565, 0.9399376598465473, 0.9431945332480819, 0.9441136508951407, 0.9460717710997443, 0.948349584398977, 0.950147858056266, 0.9511269181585678, 0.9533847506393862, 0.9548433503836317, 0.956721547314578, 0.9575007992327366, 0.9575407608695652, 0.9595388427109974, 0.9605578644501279, 0.962116368286445, 0.9630155051150895, 0.9641544117647058, 0.9643742007672634, 0.9652533567774936], "val_loss": [3.4564363569532333, 2.509464756961174, 2.288421338836289, 1.9622268522492337, 1.8216228176097577, 1.728695969361851, 1.733139564840015, 1.5728806947907807, 1.5566560004678296, 1.4739185873945364, 1.4667958653804332, 1.4433567523326916, 1.3976921946320622, 1.381616646632101, 1.3970956944754727, 1.3397344406423517, 1.3794208789300553, 1.306337873119052, 1.3100294042732148, 1.2940614677952436, 1.2635961856813989, 1.2547080806337882, 1.2205488838634009, 1.2547631378289885, 1.1966125635347375, 1.1812525918088221, 1.222352048979479, 1.183511726261853, 1.1678854063503024, 1.1611685042409292], "val_accuracy": [0.8255, 0.8707, 0.8796, 0.8948, 0.9026, 0.9072, 0.9072, 0.9128, 0.9129, 0.9162, 0.9175, 0.9195, 0.9208, 0.9208, 0.9209, 0.9239, 0.9219, 0.9249, 0.9238, 0.9244, 0.9267, 0.9262, 0.9283, 0.9268, 0.9273, 0.9294, 0.928, 0.9291, 0.9301, 0.9293], "best_val_accuracy": 0.9301, "best_epoch": 29}