{"train_loss": [5.11414970137269, 2.650510237198047, 2.159196771281669, 1.88552107402217, 1.6707574883518144, 1.5099365584176463, 1.380797910975675, 1.2547220704190662, 1.1545988650362724, 1.0767926593664083, 1.0076880156387307, 0.9451347178318219, 0.886063501813682, 0.8312950135281484, 0.7902113020087908, 0.7435108407579073, 0.7031853008389285, 0.662280437097855, 0.6255715444311265, 0.5913080714450798, 0.5601536725029134, 0.5322075288609417, 0.5015788779010006, 0.48261078095774856, 0.4513737778773467, 0.43206097593190884, 0.40767609536240307, 0.39332442196943274, 0.3673823817409039, 0.35483652361425655], "train_accuracy": [0.7501598465473146, 0.8626118925831202, 0.8850503516624041, 0.8982976342710998, 0.9069093670076727, 0.9144021739130435, 0.9205362851662404, 0.9253316815856778, 0.930306905370844, 0.9329443734015346, 0.9368606138107417, 0.9395780051150895, 0.9424352621483376, 0.9455123081841432, 0.9465113491048593, 0.9492287404092071, 0.9512268222506394, 0.953244884910486, 0.9546435421994884, 0.956162084398977, 0.9574408567774936, 0.9598585358056266, 0.9608575767263428, 0.9615768861892583, 0.9630954283887468, 0.9641344309462916, 0.9658527813299232, 0.9667918797953964, 0.9682504795396419, 0.968809942455243], "val_loss": [3.1859245197840873, 2.560522033169452, 2.206118957527737, 1.982025808196967, 1.9487127680380534, 1.7090719192391448, 1.6831648867443756, 1.6143227451570632, 1.535470641024996, 1.528718398137636, 1.5166048367089953, 1.4281184905720934, 1.415483366409243, 1.359566248685407, 1.4668009804728321, 1.2844871104464894, 1.2997933200371141, 1.2597890133788987, 1.2157313442849063, 1.2355041810745107, 1.2275106528966095, 1.2140585474547165, 1.2114864823451759, 1.181323999520192, 1.1725563038738398, 1.1571329790408562, 1.1352082143402615, 1.139789588697211, 1.1391611702730993, 1.129244054950381], "val_accuracy": [0.8365, 0.8671, 0.8825, 0.8927, 0.8962, 0.9066, 0.9078, 0.9091, 0.9129, 0.9121, 0.9137, 0.9171, 0.9169, 0.9196, 0.9156, 0.9227, 0.9219, 0.9236, 0.925, 0.9251, 0.925, 0.9265, 0.9263, 0.9277, 0.9268, 0.9273, 0.9282, 0.9301, 0.9299, 0.9301], "best_val_accuracy": 0.9301, "best_epoch": 28}